Metric,Value
MAE,25.7724609375
MSE,1311.309814453125
RMSE,36.212012018847076
R2_Score,0.7236067056655884
