Cycle,Predicted_RUL
1.0,38.73610305786133
2.0,38.73610305786133
3.0,38.73610305786133
